ID,BlendProperty1,BlendProperty2,BlendProperty3,BlendProperty4,BlendProperty5,BlendProperty6,BlendProperty7,BlendProperty8,BlendProperty9,BlendProperty10
1,-0.01726552,0.32442605,0.6877823,0.20148636,0.32368553,0.7406202,0.5746454,0.38238674,-0.22367209,0.07533503
2,-0.576396,-0.8448314,-1.1909435,0.09814357,-0.71038556,-0.15320434,-1.1745797,-1.2117211,-0.66663635,0.0031271034
3,1.8649915,1.2153475,0.9946837,1.2045349,2.1831973,1.4908458,1.0007756,2.0217168,0.5175185,2.1138225
4,-0.25808662,0.42701212,0.5909886,0.07592397,1.9882953,-0.29835084,0.49031526,0.7503518,0.69073874,-0.8115219
5,-0.09996397,-0.659741,1.1176912,0.20616782,2.6045685,0.059731893,1.1570901,0.25405663,-0.41933337,0.9648068
6,-1.5850703,-1.9606872,0.11146421,-1.6920356,-0.02026943,-1.4977232,0.13016152,-0.29467347,-0.99264604,0.15909353
7,0.9447258,0.37840945,-0.19423856,0.03612135,-0.13171342,0.35470688,-0.1836452,0.44656658,1.0562836,0.42214814
8,1.8347572,1.0870551,0.7069706,1.4378763,-1.5094705,1.1488863,0.6897175,0.83354867,1.5506426,0.28128162
9,1.3158392,1.1261659,0.9570358,1.8625414,-0.5152108,1.0668181,0.9893379,0.23351054,1.3234308,0.9562441
10,-1.0444511,-0.7887033,-1.979233,-0.7730876,-1.1977006,-0.330852,-1.9196551,-0.06701899,-0.68998903,-1.2616117
11,0.06639261,0.44236612,0.78176594,0.45106757,1.6409302,-0.08700992,0.8008491,0.028226318,-0.5415049,0.7733334
12,1.0024043,0.5801392,0.70822823,-0.17162175,1.1974047,0.66356564,0.7195207,1.0612509,-0.2821894,0.9275926
13,0.53965884,-0.1322061,1.0749252,0.123583,-1.4002508,2.0674217,1.0625516,0.90711665,1.1963825,1.7808317
14,-0.472251,0.8385866,0.65899795,-0.6872018,2.2211854,-0.56425107,0.5968316,0.050829906,-1.4182974,-0.20356305
15,0.708177,2.0397139,0.39261445,1.6461661,-0.18687177,0.6764045,0.4242144,1.1143126,0.7676761,-0.53797764
16,-0.11196235,-0.9056644,0.67769057,-0.8233445,0.4865386,-1.0758927,0.6640826,-0.23929095,-1.4970732,0.0073805805
17,-1.1972773,-1.3268777,-0.020952046,-1.6319642,-0.8117903,0.090593204,-0.040125296,-0.82347244,-0.19332935,-1.2380306
18,-0.17967877,-0.20448606,0.4925897,-0.44363773,-0.04242791,-0.13556476,0.41658336,0.86859906,-0.14966697,-0.8330107
19,0.07953734,-0.33206606,0.8774635,-0.58426815,2.0091786,-1.030074,0.8258695,1.2839615,-1.2223635,1.3411981
20,-0.39900953,-1.2998058,0.56070787,-0.70770365,-0.6959682,-0.7090456,0.5066544,0.21927033,-0.98896617,-1.2403834
21,-0.25139648,-1.9716839,0.48071113,-0.8247595,1.6909584,-1.713592,0.48625672,0.47172529,-0.7099197,0.6302927
22,0.32835484,1.0949494,-0.04358598,1.6437857,1.2299888,1.5865011,-0.052367475,0.7050657,0.40366724,1.4483851
23,0.98801845,1.310544,0.9905512,0.91024876,1.4201049,0.33714938,1.0089062,0.7558085,0.31329018,1.3273385
24,0.26312548,0.6614485,0.25203228,0.32115033,-1.0192324,0.21919848,0.24831857,-0.29960576,-0.24382232,-0.005404546
25,-1.4383417,-0.9371904,0.020669507,-0.7241413,-0.5715279,-0.24376935,-0.032630686,-1.152722,-0.09348593,0.11913848
26,-0.51034534,-0.3512313,0.20784229,-0.6563323,-0.2994833,0.09773797,0.31011978,-1.0252454,0.12133311,-1.2889044
27,0.9763794,0.7507554,-0.03464139,1.5030909,-1.3480178,0.23720993,-0.013181774,0.44543993,0.7508174,-1.08508
28,0.20056286,-0.4525384,-0.38013086,-0.60911995,-1.210748,-0.5265157,-0.413873,-1.0746449,0.82826,0.5612491
29,-0.8321255,-1.4732813,-0.17968981,-0.5572868,-0.43978822,-0.79847986,-0.21891668,-0.95676714,-0.6682118,0.17340626
30,0.0044681416,0.38660422,-0.62639457,-0.8970082,-1.4756106,0.47513315,-0.58292013,-1.0256922,-0.17691818,-1.4072471
31,-1.2793112,-0.25734338,0.10561755,-0.40868372,0.9429158,-1.2445529,0.09841499,-0.12838306,-1.9047384,0.50797653
32,-1.1600981,-0.48873532,-0.012872597,-1.1020395,0.3934753,-1.5186878,-0.11733254,-0.25156802,-0.95201665,0.2637915
33,0.7262678,0.4912223,-0.47424495,0.4528345,0.10484165,-0.07776124,-0.41490918,-0.024282832,0.3893877,-0.2620812
34,0.7336849,0.959436,0.046858016,0.0031867283,-0.99316627,0.26157922,0.058790695,1.2386403,-0.055873677,-0.76096475
35,-0.83211964,-1.3096899,-0.1484848,-0.8676461,0.10749539,-0.534583,-0.17099491,-1.1874548,-1.7767471,0.26981416
36,1.694197,0.39538905,0.5384557,0.56969005,0.8384621,0.3973089,0.45890626,1.2012377,-0.20191334,0.75439256
37,-0.074134156,-0.19335653,-0.58222556,-0.050603066,-1.289979,0.14182603,-0.5907037,-0.23981144,1.616738,-0.38539493
38,0.21444255,0.6546849,0.34845272,1.09669,0.24557588,0.69827133,0.3084045,-0.13190886,0.8931285,-0.8565413
39,-1.869368,-1.5829628,-0.014074373,-1.4494478,0.2489537,-0.14018863,0.013562854,-1.5755073,-0.83761066,0.104409814
40,0.11450525,0.77572376,0.52090454,-0.39010644,-0.1282388,0.2794964,0.5400654,-0.20003991,0.40981698,-0.48981327
41,1.9438398,1.3600125,1.4777122,1.5785959,2.1998487,2.177853,1.5419681,1.0410547,1.156487,1.8867099
42,1.816195,0.60303867,1.0996628,0.6362422,-1.2331386,0.686269,1.0890609,0.798312,1.454178,2.020988
43,-1.6446615,-0.3745084,-0.929179,-1.0316944,-0.51111037,-0.38358647,-0.96794176,-1.7691869,-0.96210074,-1.3495648
44,1.1472547,0.45460182,0.16309208,0.9440072,-0.36375338,0.8015668,0.1512092,1.6754901,0.18209295,0.08085028
45,-0.49429005,-0.50795037,0.1581658,-1.677238,1.7951114,-1.5541686,0.015157073,-0.34301785,-1.7272794,0.51752746
46,0.77374613,0.9253542,0.5807651,0.8773429,0.54283553,0.681405,0.51857126,0.40107015,0.82835275,-0.80514956
47,-1.4617584,-1.8607742,-0.8522097,-1.3246897,-0.067619585,-1.7731477,-0.8592966,-1.1422371,-1.8312095,-0.3737609
48,-0.48014247,0.009132917,-0.5552262,0.18873778,-0.43232647,-0.4666999,-0.52957654,0.0046374556,0.63230497,-0.56467956
49,-0.34544262,-0.872528,0.36356315,0.06483319,-0.89401835,-0.68487936,0.31958547,-0.099583976,-1.6883777,-0.07043799
50,-1.8323653,-1.5084288,-2.2289135,-0.74596995,-0.5750413,-1.3155034,-2.232171,-1.6322948,-1.8661982,-1.7645947
51,1.8108808,1.0147681,1.5986274,0.4505998,2.2116337,-0.48788938,1.667535,0.04776875,-0.2930279,1.859084
52,-0.024575472,0.8756899,1.0313408,-0.17974418,0.96873015,1.162622,1.1331271,0.44650358,0.4804611,-0.89414805
53,-0.14359365,0.14104775,-0.40176642,-0.9932223,0.005783471,-0.5693087,-0.37062383,0.38882494,0.43485966,0.43148038
54,1.4407139,0.72697186,0.32927346,0.68035895,0.51373017,0.01444299,0.2958371,0.74904263,-0.5457565,2.2004437
55,0.69328964,0.536499,0.59757096,0.3025041,-0.104450606,1.182292,0.58462185,0.12363794,0.7397326,-0.40821934
56,0.89663917,0.13254106,0.57653666,0.149373,-0.085410796,0.62505025,0.62746817,0.8384146,-0.24772835,-1.2772549
57,0.111669764,0.3106945,0.6871988,0.3010209,-0.22890188,1.2435393,0.6712036,0.15712096,0.6090606,0.56458056
58,-1.5879899,-0.9237179,0.34662384,-0.3492084,1.3195571,-0.62135714,0.3679597,-0.42534432,-1.8686103,0.16120249
59,-0.42261145,0.21914321,0.32867393,0.6648353,-1.2897383,-0.44418475,0.37511867,-0.24359025,0.40341112,-1.8845414
60,-0.9282688,-1.5194491,0.19063127,-1.4423964,1.5302483,-0.8335184,0.15185297,-0.93047416,-0.93700135,0.6365727
61,-0.3193305,-0.114780754,-2.0639818,-1.0709312,0.0020902257,-0.54774827,-2.0666234,-0.6764986,-0.23952283,-1.3001548
62,0.027364865,-0.91884786,-0.09333314,-0.40438017,-0.8885064,0.5415131,-0.13846995,-0.78376085,0.98003453,-0.8670439
63,1.2727104,0.58222085,0.9660303,1.5432335,-0.2351091,1.3264766,0.92421204,0.84170437,1.2873085,1.07405
64,-0.41504228,-0.56794655,0.49510476,-0.6846735,1.0940803,-1.1531167,0.41731176,-0.25298646,-1.0773982,-0.14194162
65,-0.48373127,-0.5628219,0.87282383,-1.2787498,0.29847527,1.2072314,0.9464991,0.6887755,0.64439934,-0.7490605
66,0.51861364,-0.5400801,-0.040296603,-0.4167217,0.5449346,0.23536308,-0.09271292,-0.32406002,0.42101088,-0.035982728
67,1.0410967,1.6449517,0.7143287,0.5816305,-0.18728319,1.5880374,0.732024,1.3333776,0.8999016,0.5766362
68,-0.8880116,-1.0098078,-1.0072452,0.3976493,-1.0878984,-0.79608727,-1.0264925,0.32976115,-0.84049904,-0.66439074
69,1.322649,1.4379332,0.6465512,0.9538342,-0.48656866,-0.14667517,0.5961879,1.1661928,0.14465149,1.7971839
70,-0.2194307,-0.29264224,0.30783707,-0.40862778,-0.2950308,-0.83457696,0.21882021,-0.41574392,0.34633216,0.29273117
71,-0.38332403,-0.2912813,-0.078978,-0.54576737,-0.8287114,-0.6566388,-0.11819676,-0.29998913,-0.50131536,0.6686659
72,0.6535801,0.098109506,0.10770263,0.5596515,0.23901604,1.1025405,0.071600065,0.44292077,0.3994095,-0.9825863
73,0.4011816,0.6993847,1.5504652,-0.5601975,2.4149642,1.1429821,1.600782,0.49512,0.0036863664,1.2624485
74,1.5544599,0.986044,1.0175289,1.0250602,1.5215232,0.15148593,1.0427904,1.1565346,0.37837216,2.0763688
75,1.2794439,0.7186923,0.045499228,0.97509474,-0.5531273,0.17438063,0.10413225,0.496203,0.79396653,0.5444447
76,-0.35870633,-0.06419785,-0.31760195,-0.22963744,-0.2980018,0.425767,-0.357777,-0.15254137,0.08517707,-0.8850124
77,-0.4330931,0.325839,0.6313744,-0.6658908,-1.1757714,-0.45272323,0.55749995,-0.39130482,-0.87613344,-0.94249964
78,0.68398297,0.95083237,0.88837695,0.33618328,0.9861428,1.8640693,0.883078,1.9106001,0.46677476,-0.34388772
79,0.8634975,0.9200897,0.37144697,1.1272984,-0.5804228,0.4746222,0.26108187,0.79665565,0.9425714,-0.031622663
80,0.49037862,0.6159242,-1.1097989,0.5189313,-0.7063081,0.35662255,-1.0734575,-0.33945283,1.8334442,0.57441294
81,-0.19230762,0.7286192,0.8480804,0.08044987,-0.44910342,-0.48307028,0.8396359,1.1760961,-0.06175826,1.4498272
82,1.2868009,1.0925043,0.834484,-0.017078921,0.27440786,0.9132648,0.8378376,0.5066886,0.40958226,-0.60141313
83,-0.50271034,-0.2961281,0.5422809,-0.7472771,-0.8206584,-0.07131947,0.47307885,0.063682,-0.24342093,0.33809534
84,0.99145013,0.8127242,1.2187464,0.8262309,-0.5232785,1.3742571,1.2994915,1.6633481,-0.36797345,0.6140843
85,-0.276009,-0.36735597,-1.3774823,-1.0247421,0.07447888,-1.781417,-1.3904947,-1.182058,-0.8539945,-0.39664882
86,0.030165896,-0.6480322,0.7674688,-0.37053415,1.361985,-0.15163894,0.8783333,0.22110012,-1.7412488,0.6431768
87,-0.98185873,-1.2575889,0.73355895,-0.91792303,0.054435916,0.4502235,0.72453517,-0.6991796,-0.4760016,-1.2686143
88,-0.6541704,0.03262941,0.38051945,-0.54952765,-1.0092645,-0.5359534,0.33929417,-0.27874386,-0.6141972,-0.5282171
89,-0.22514027,-0.257398,0.30395576,-0.41361392,-0.48404124,-0.82368773,0.35007292,-1.026006,-0.50954956,-0.42963165
90,0.31833792,-0.7476004,0.79302025,0.14015989,1.980796,-0.57659096,0.84556055,0.16750768,-1.3935459,0.8052756
91,-0.18589169,-0.5326863,-0.3645212,-0.23370713,-0.78432626,0.07969705,-0.38410816,-0.07548954,1.129744,-1.4441766
92,-1.4515883,-0.22987077,0.34008253,-0.81668156,-0.5028978,-0.93677855,0.30537346,-1.0077525,-1.1569586,-0.5741206
93,0.30678302,-0.8234904,1.4542361,0.8325831,0.953367,-0.13573352,1.5156608,0.5828116,-0.031569622,0.7610751
94,1.7930613,0.9365424,0.7488065,0.71256095,-0.994687,0.47989485,0.7011159,0.7197664,1.1607602,2.0886724
95,0.9687069,0.81363714,-0.3527426,0.5466235,-0.28292197,0.97304505,-0.3480759,0.6188222,1.513402,-0.7760175
96,-1.448971,-1.1661574,0.04060416,-1.5846925,0.5518257,-2.0383625,-0.02676988,-0.19936305,-1.9402211,0.07876666
97,0.2396219,-0.10637751,0.010865856,0.07437095,-0.18693726,-0.077809535,0.037068617,-0.23559436,-0.118609644,-0.6994538
98,-0.6987549,-0.22441125,0.3461277,-0.88665026,-0.9688897,-1.2826891,0.28738537,-0.29249442,-0.20297922,0.18260309
99,-0.37166172,0.010200622,-1.3982077,-0.031772304,-0.06519271,-1.0916859,-1.4134141,-0.6140379,-0.08122607,-0.78731
100,-0.49235994,-0.532309,-0.2988258,0.40431267,0.51959103,-0.29566061,-0.28194928,-0.19444953,-0.66743743,-0.6073935
101,-1.2191848,-1.6576358,-1.779175,-1.0792345,0.4935408,-0.8872282,-1.7732892,-1.8302821,-1.2358035,-0.43360737
102,-0.81576866,-0.97730005,-0.32631928,-0.6971485,-0.8183744,-0.018597316,-0.3196024,-0.5924791,-0.049434025,0.059738997
103,-1.9139152,-1.3565149,-1.2045306,-1.394147,-0.880873,-1.4379611,-1.1753622,-1.3258793,-1.19399,-1.5293702
104,-0.876091,-1.4023819,0.90706974,-0.119370505,0.99215424,-0.18256873,0.95366126,-0.6165277,0.10952341,0.16571224
105,0.5719804,0.39136297,1.0255203,0.57619077,0.109233215,0.032792937,0.9926952,0.6202101,-0.99370027,0.534402
106,0.23904186,0.82747495,-1.7964977,0.27221242,-1.5036741,0.5386073,-1.7149502,-0.60460395,1.8892506,-0.84102476
107,-0.5140821,-0.93081063,-0.05461436,0.34784225,0.30737925,-0.3705028,-0.03538874,-0.2480727,0.048644435,-1.2316426
108,-0.98662406,-0.07901939,0.026036395,-0.68158954,-0.8548309,0.58148897,0.0070384,-0.59812224,-0.94487137,0.12384422
109,0.2080337,0.29794735,0.61570585,-0.25935978,0.48360977,-0.47488558,0.6440194,0.20651528,-1.3880281,0.8129074
110,0.65953285,0.13426915,-0.9716096,0.7950494,-0.42736566,0.3469322,-0.97842705,-0.6189678,1.1640556,-0.7670426
111,0.14281313,-0.00052293757,1.5948547,0.4566946,1.2323962,-0.3116653,1.6241523,0.76611143,0.006850984,1.0636603
112,0.6003186,0.4594319,0.1941483,-0.30756685,-0.27734533,0.2711339,0.18335928,0.90332156,0.83094305,1.3403301
113,-0.04412438,-0.12964252,-0.22897707,0.3779812,0.17584907,-0.508766,-0.25572538,-0.1739936,-0.17033601,-0.7584907
114,-0.25253773,-0.71838206,-0.974593,-0.5930213,-0.804617,-0.3570476,-0.9580205,-1.5303694,-0.20911849,-0.21488206
115,1.0602235,0.334638,-1.352628,0.63068086,-0.38271978,1.0808266,-1.309185,-0.018938059,0.7988478,-0.5398606
116,-0.6264918,-0.3029505,-0.80475086,-0.27491438,0.40882215,-1.2906072,-0.7866369,-0.2769726,0.17803359,-1.097338
117,-0.20768382,-0.37991315,-1.6681242,-0.919349,-0.7925505,0.010438165,-1.6244564,-0.72595,-0.28746253,-0.49598435
118,0.0047820047,-0.22110926,0.76711273,-0.51510924,2.0984821,0.7217143,0.61888486,-0.22242533,0.76355094,-0.44082725
119,-0.27867913,-0.47063228,-2.2340856,-0.11137596,-1.4524114,0.28930277,-2.2098176,-0.7809377,1.1669316,-1.4308988
120,0.7230289,0.4190089,0.4851936,0.83384883,0.24046956,0.51353335,0.4747374,0.53915066,-0.14748338,0.7997752
121,-0.028366642,0.060298525,0.1501288,0.23049478,-1.1373664,1.2864271,0.09429905,0.5395645,0.84841585,0.25947484
122,-0.57294095,-0.9071961,0.39060226,-1.0375781,-0.16285077,-1.2333813,0.37107775,-0.81199205,-0.20174007,0.7144725
123,0.2862737,-0.1673916,-0.06759206,0.12900265,-0.17553891,0.3153489,-0.108839296,0.31407672,0.4958879,-1.2778828
124,-0.84820795,-0.94428486,-1.2541852,-1.0995231,0.106949575,-1.0335681,-1.2082875,-0.75382954,-0.678052,-1.2484646
125,-1.9387273,-1.9910293,-2.2990751,-1.7135243,-0.14954005,-1.8914565,-2.258566,-1.4865974,-0.9512317,-0.38128144
126,0.868641,1.0306816,0.13674486,0.03411173,0.40012097,0.80164915,0.12848516,0.32956296,0.28815618,0.36458936
127,-0.9113867,-1.3975102,0.9008469,-0.19310899,2.1354039,-1.7258215,0.91245294,0.12323534,-1.291846,0.17288665
128,0.49597707,0.40967262,-0.88651365,0.75545305,-1.2855289,-0.7047834,-0.9028528,-0.56970197,1.280153,-1.0427347
129,-0.2264727,-0.7048286,-0.07380995,-0.60724056,1.8692453,0.049187057,-0.0815569,-0.54242736,-1.4785054,0.15855259
130,1.4417654,1.5518745,1.2917993,2.2533681,1.8401744,1.9279395,1.3752244,1.1183612,0.52277184,0.35121885
131,1.8865427,1.5683551,0.80003357,1.773104,2.1433344,1.6355298,0.8351277,1.8334972,1.0331578,0.28043887
132,1.4170392,1.3514309,0.7206811,2.0085318,-0.9086985,0.9714622,0.74819744,1.4043694,1.4934229,-0.1368346
133,0.42371422,1.2366153,-0.9857167,1.5060606,-0.53481346,0.5685923,-0.91432685,-0.44028687,0.33019558,-1.3625921
134,-0.9809865,-1.8617519,0.124560654,-0.98208666,1.4342114,-0.9378875,0.10217232,-0.5358135,-0.121037476,0.36567867
135,-0.5034862,-0.07419155,-1.6026586,0.035260983,-1.2908407,0.6175027,-1.5534836,0.2018247,0.26871005,-0.21999502
136,0.5508302,-0.30643982,-0.06651687,0.19954076,1.030111,0.41528007,0.034170065,0.14575203,0.4516062,0.35444105
137,-0.36196217,-0.31307715,0.47240445,-1.3211765,0.5196568,-0.5601004,0.46643692,-0.40230623,-1.8444841,0.5087456
138,1.5672834,0.23265474,0.4585017,1.4122202,0.20109557,0.57043326,0.42553446,-0.014438895,0.7813771,1.4471407
139,-0.029786646,-0.59713244,0.48484328,0.28803736,1.9123821,-0.95513177,0.4928081,-0.32607293,-1.5355171,-0.39386633
140,-0.7621035,-0.30619758,0.7848086,-0.74081093,-0.11238554,0.9753487,0.82192606,0.76820713,0.41824675,-0.0913361
141,0.60351175,0.5848661,-1.0550663,0.2725345,-0.34614334,-0.63916564,-0.99519825,-0.10382256,-0.21067941,-1.1646273
142,-1.2081167,-0.8798623,-1.956815,-0.84818965,-0.8866169,-0.5702213,-1.9067887,-0.35066268,0.3368498,-0.72967714
143,1.0465972,0.9764842,0.47826025,0.8901745,-0.97157454,0.4844704,0.4053225,1.0198802,0.9292801,1.3420678
144,-0.019158306,-0.10592017,-0.07031706,0.08174645,0.4361936,0.032036856,-0.14786628,0.8111889,-0.5665349,-0.27290347
145,0.9586035,1.0694783,0.517383,0.79328233,0.04719426,0.8536459,0.5105882,0.29636174,1.5788723,2.3445208
146,0.09006309,1.0381874,0.2364592,0.37898234,-0.61054015,1.6176647,0.1770248,0.306197,0.4766815,-0.28154007
147,0.31219333,0.60653096,-0.024608865,-0.17091683,-0.35637683,-0.036467146,-0.026545713,-0.52283543,0.011474114,-0.22445093
148,1.1642112,1.0265673,-0.10336982,1.1767628,-0.11762898,1.0388594,-0.14461476,1.323054,0.81581694,0.10719602
149,-1.5830299,-1.3978782,-1.5666786,-1.4150648,0.017985443,-1.665107,-1.5385592,-1.3808817,-0.3435673,-0.18922392
150,1.2065789,1.4750977,-0.33646557,-0.014896507,-0.5003616,0.8664644,-0.3269494,0.2874809,1.0011946,-0.6896251
151,-1.4500265,-0.42295617,0.036803152,-1.1254716,0.5322072,-1.4935505,0.061839562,-1.1383209,-0.7609264,0.14285858
152,-0.88312715,0.18572232,-0.08238071,-0.64484686,-0.19953905,0.14378725,-0.15887383,-0.61032975,-1.6328071,-0.82619244
153,-0.007172969,0.24311583,-1.1379923,-0.42164168,-0.4419853,-0.078675896,-1.1327705,-1.0511042,-0.91342527,0.8837757
154,1.6687876,0.6914344,0.6563275,1.091232,-0.35654727,1.4070457,0.6301139,1.2602129,1.9435362,0.37723216
155,1.2151514,0.4666298,0.68079877,0.48746803,-0.85614485,0.4809329,0.6582542,1.3215282,0.25496727,0.66394013
156,1.1922803,0.52682227,-0.544132,0.61748487,-1.3229324,-0.11391981,-0.6045735,0.60464144,1.6436046,0.4116044
157,0.09710047,-0.29143253,-0.23548199,0.025863446,0.46941638,-0.7432492,-0.21760647,0.2997933,0.06284539,1.2000251
158,-0.8042204,-0.59888625,-0.033823296,-0.22311594,0.026026146,0.23740129,-0.05123739,-0.59934896,0.697403,-0.10390607
159,-0.22908032,-0.35525003,0.07308985,-0.12754352,0.671913,0.5341728,0.06748219,0.64807713,0.104296535,-0.4949549
160,0.70676327,0.17805916,0.6626684,-0.26569325,-1.1926632,0.33463266,0.61885905,-0.2611549,-1.1222259,-0.6693004
161,0.77043927,-0.19619142,-1.5348688,0.42420775,-0.45040044,0.26905695,-1.5142658,-0.5394996,1.2058792,-1.0585033
162,0.96663773,1.6615733,0.45777074,0.7911486,-0.46398005,0.8894356,0.39663827,1.0214578,1.1913635,1.9483374
163,-0.5249995,-0.8444,0.27019826,0.14910337,1.9383941,-1.1067716,0.25170493,0.6191308,-1.9138906,0.4847707
164,0.54028636,-0.27089316,-1.3690561,0.77083224,-0.20490332,-0.47370702,-1.3325634,0.18145238,0.16133353,-1.0344615
165,-0.76033187,-0.8185322,-0.6322632,-0.43621346,-0.34381676,0.00875743,-0.57745916,-1.1120441,-0.4850609,-1.2231139
166,-1.1088552,-1.1660494,-0.15801187,-1.2388847,0.10416367,-0.6966178,-0.216284,-0.0053046993,-0.42737544,-1.137911
167,-0.54014784,-0.3901917,1.1060644,0.07222938,1.4690992,-0.6331463,1.2079699,0.35200253,-1.392954,0.28104174
168,0.19258386,-0.018133696,0.3335125,-0.8013892,-0.12045908,0.69594353,0.29831716,-0.40193203,-0.2112491,0.08176218
169,0.3074234,-0.031814933,-2.51063,0.15153806,-0.690723,0.013911901,-2.454925,-0.45472094,0.40747732,-1.5226786
170,-0.0005288517,1.4019336,0.56042814,0.8543909,-0.48812553,0.43696824,0.5229129,0.82651585,0.29722968,-0.43293774
171,-0.29846162,-0.47939828,-0.2312304,-0.01530532,-0.583186,0.48070353,-0.22808604,0.120888345,-0.051444042,-1.0136216
172,-0.012204378,-0.36353147,-0.5293949,0.17989188,-0.1621547,0.27998105,-0.5119168,-0.84261155,-0.64526755,-1.4399781
173,-0.9469766,-0.5875299,0.43406564,-0.3464005,1.4629412,-1.1119142,0.36038473,0.40315852,-0.71503246,-0.276235
174,-0.57829446,0.4596776,1.5323923,0.6611144,2.1479948,0.040512983,1.6561636,-0.2613757,-1.0859265,0.75151736
175,-0.46141678,-0.7186249,0.7514525,0.22545731,-0.6377342,0.3712864,0.7693562,-0.015722673,0.3766965,0.46434772
176,0.8758964,1.4582433,1.2232192,0.8776645,2.2121258,0.94600284,1.2179807,1.439083,1.1481946,2.0255828
177,0.1529917,0.39859423,0.07462085,0.18117201,-0.3927826,-1.2410145,0.066404834,0.1786475,-0.697728,1.2025908
178,1.2712193,-0.03827304,0.43814632,1.1527655,-0.6006754,0.82807535,0.35395402,1.2911667,1.1128929,1.0469187
179,-0.6130575,-0.9687313,0.7590207,-0.9934774,0.7241983,-1.2289501,0.7321404,-0.31010064,-0.6401312,0.030947244
180,0.29199812,0.41758814,0.18800598,0.6166892,-0.1759977,-0.82535154,0.18101572,0.03138197,-0.82641524,1.7157587
181,0.27215296,0.51264113,1.2766117,1.2154464,1.7233229,0.911622,1.3193513,1.0802418,0.45865667,-0.22595198
182,0.30954906,0.43499961,-0.93367267,-0.16953625,-0.12980922,-0.27458498,-0.88877326,0.19922128,0.3116217,0.18586288
183,0.73295987,0.970039,1.1249523,1.1205765,-0.40172806,1.1694657,1.0904149,1.3846788,0.34116575,1.8814368
184,-0.76058537,0.011679059,1.50956,0.51036274,2.689309,-0.28444687,1.6385723,1.1391877,0.03626015,0.51641655
185,1.6695617,1.0870553,0.0032756731,0.7493361,-1.0428659,0.37237635,0.026295584,-0.054006208,0.098738804,1.8749399
186,-0.30054027,-0.57655174,0.4325786,-0.7352292,0.06553414,0.48394057,0.44735178,0.3695815,0.516439,-0.23549455
187,0.8802032,0.32922244,1.3163817,1.4674586,-0.0021503372,0.4445211,1.3383805,1.2464467,0.009278802,0.9336697
188,-0.5706522,0.23725747,-1.2999526,-0.9189701,-0.36611387,-0.7605638,-1.3604869,-0.8759017,0.4497799,-1.3112969
189,-1.4641445,-1.3761153,-0.23039934,-1.3899574,-0.47097075,-1.2050041,-0.2550167,-1.4317479,-1.1543188,-0.77795357
190,-1.4506943,-1.2933565,-2.068753,-0.5982615,0.19886573,-1.1488088,-2.0179465,-1.6025941,-0.97830975,-0.50873446
191,0.9848517,0.15103883,1.1473682,1.2915986,-1.3084885,1.5401573,1.1796116,1.2312286,1.6782895,-0.5082469
192,2.3742354,0.89427614,1.3456569,0.85688555,2.012901,0.70283717,1.3717467,2.1698232,0.8996494,2.0723016
193,0.10800019,0.7131351,1.2542233,0.49562636,2.2593663,0.93490976,1.3061854,1.5456187,1.594597,-0.015334384
194,1.258947,0.10307921,0.26026985,0.21112105,-0.123687364,0.2189509,0.21513163,-0.25211138,0.8670806,1.0875206
195,-0.24024732,-1.1115612,0.10004731,-1.0686055,1.5844808,-0.43839335,0.1011255,0.07057158,-0.6275446,0.35543436
196,0.96911114,0.96091574,1.3657013,1.1507534,-0.54717475,1.0386517,1.5437679,1.6904432,0.12726498,0.3689638
197,-0.8673068,-0.3011188,-1.9166417,-1.1816965,0.18361054,-0.75858665,-1.904244,-0.7127403,-1.1759305,-1.6233112
198,0.9201479,0.88846016,1.0568835,1.2121576,-0.4850262,1.1421515,1.066511,1.3539637,0.9252762,1.8835427
199,-1.7524257,-1.3351117,-1.452253,-1.1071966,-0.3817557,-1.5098176,-1.4485564,-1.4342127,-0.825147,-0.27139068
200,-0.18293837,-0.16007465,0.18698284,-0.6629486,-0.5744768,-0.46414614,0.17685111,0.28737602,-0.5309023,0.37345156
201,-1.3885769,-0.7424705,-1.9506803,-1.7566578,-0.46671686,-1.6387576,-1.9268805,-1.2235465,-0.21371758,-1.5855078
202,1.7818048,0.7646322,0.80570626,1.0322071,-1.2076713,2.1631882,0.84992456,0.78977257,1.5193409,2.187283
203,1.311608,1.5836178,-0.08529236,0.8917503,-0.21519962,0.43561962,-0.050914355,0.71898323,1.1659738,1.7658453
204,2.0613892,2.0577493,1.1113225,0.850709,1.1245695,1.0154921,1.1773604,0.78124946,-0.09613482,0.17132884
205,-0.92205584,-1.5049399,0.37773517,-1.6775036,0.9920505,-0.2283367,0.333468,-1.3880831,-0.20199035,0.389556
206,1.688182,0.82946974,1.3069764,1.3501971,-0.51955354,0.663336,1.2804904,1.033148,0.37513173,1.9822673
207,1.2120613,0.55382353,0.22792387,0.84217584,-0.09870374,-0.26902944,0.1647297,1.5950533,-0.048003726,1.7983234
208,0.7213046,1.5271534,0.3542238,1.0645393,-0.4137308,1.5972401,0.36070165,1.4065498,0.61963934,-0.7304192
209,-1.2530022,-1.0035957,-0.47649112,-1.4336474,0.016119046,-0.2932125,-0.44413182,-0.3738672,-1.0864003,0.4486722
210,-0.6295159,-0.8542319,0.7923772,0.60998654,1.7672542,-0.13393845,0.7667048,0.73149675,-0.45370808,0.54279023
211,0.19437292,0.33754015,-0.5460089,0.5364618,-0.40635896,0.4090089,-0.54879475,0.3040232,0.92144614,0.9399959
212,-0.18071283,-0.28072605,0.39585963,0.20328331,-0.71803904,-0.7451094,0.38631278,0.60287684,-0.15377153,-0.6275901
213,-0.46121722,-0.12761188,1.2074488,-0.8677137,2.284256,-0.51356316,1.207389,0.5477142,-0.32878423,-0.91841745
214,0.07225712,-0.0316185,1.1247809,0.22878806,1.3546311,-0.48121074,1.1001784,-0.47289813,-0.14158332,-0.25048766
215,-0.4095295,-0.10401417,-0.63321865,-0.029318005,-0.101183,-0.25132078,-0.62260205,-0.73464197,0.67894727,1.1597538
216,0.76813686,1.8706939,1.3609002,1.5335588,2.1120923,1.6467751,1.4636626,1.5341583,1.7335312,-0.597754
217,1.5278208,1.9165875,1.2353504,0.7178656,2.0649781,1.0036145,1.3553501,1.1694782,1.4051713,0.53494227
218,0.3193417,-0.090524726,0.63578403,-0.23019294,1.547191,0.639598,0.6239909,1.6351845,0.48675096,-0.727557
219,-1.4392303,-2.1772866,-0.70025045,-1.4611644,-0.45025867,-2.0103123,-0.69980216,-1.5687215,-1.255626,0.18957716
220,1.3558668,1.5154746,0.50376654,0.3669915,-0.708116,1.5303184,0.5007738,0.067583896,1.4628608,-1.1381702
221,-0.19893788,-0.13396533,-0.7945001,-0.3499849,-0.2971047,0.3552804,-0.7778626,-0.7622448,1.2406387,-0.7358672
222,-0.6377929,-1.4020956,0.96662986,-0.05899041,1.2551085,0.10792887,0.97370017,0.32728398,0.049268693,0.45591435
223,0.26797822,-0.8240211,0.675112,-0.031446587,1.5525584,0.14072236,0.68531,-0.11203704,-0.048422277,0.4392088
224,0.35639134,0.063398354,0.84971195,0.52716005,2.1577404,0.8319256,0.87742966,0.42139858,0.9448836,0.76074487
225,-0.82156104,-0.0885348,0.455378,-0.5218141,-0.3781855,-0.63930506,0.45432913,0.19101954,-0.12676074,-0.40455824
226,0.09230956,-0.90164775,1.072523,-0.07633686,-0.39235562,-0.66230214,1.1259719,-0.9226531,-0.8443895,-1.2106869
227,1.7004696,0.8480475,0.54234594,1.0243565,1.9195133,1.6304071,0.5222405,1.0764875,0.61555684,-0.81980765
228,-0.065878406,-0.87165046,0.81831807,-0.43252322,-0.9041758,-0.5685283,0.7442604,0.039252322,-0.5961324,-0.72033805
229,-0.71724105,-0.28230625,0.26008543,-1.3494025,-0.9046003,-0.065183096,0.1824632,-1.5084603,-0.7335854,-0.17010842
230,0.37543476,0.4735062,1.2241175,0.2917728,-1.0802543,0.17394935,1.2037333,1.3709155,-0.6722156,-1.0166582
231,-0.06562194,0.45781317,-2.040857,-0.3853461,-1.3955759,0.22127955,-1.9980159,-0.7586781,-0.56239456,-1.340763
232,0.038302127,-0.14539456,-1.7859881,-0.2542505,-0.98151886,-0.05431762,-1.7795795,-0.61542374,-0.3302907,-0.86295015
233,1.0915138,1.5797172,0.8030978,1.5560927,-0.62928766,0.90932316,0.8323391,0.696464,0.8788075,0.9862165
234,-1.437828,-0.43562567,-1.5976535,-1.4713167,0.43661088,-0.8786798,-1.6322627,-1.1835245,-0.36940378,-1.6441356
235,-1.2312231,-1.6133574,-0.9355131,-0.9585414,0.59121275,-1.6856201,-0.9293223,-0.94477373,-1.5003972,0.06484403
236,0.50031495,0.79248285,-0.48394185,1.1129541,0.25721088,1.5541767,-0.44270962,1.0025467,1.5949297,-0.46546346
237,-0.04256727,-0.3750239,0.735107,0.7145985,0.41759723,0.2762976,0.690704,-0.005385221,0.005985889,-0.06414396
238,1.5397291,1.2484121,1.0848727,1.9747039,0.8340001,0.8721915,1.079732,1.419878,1.639752,1.8937596
239,-0.61797315,-0.85675305,-1.4372823,-0.1173856,-0.41676152,-1.09827,-1.3783836,-0.8844047,-0.8624725,-1.1239513
240,1.4587629,1.9399602,0.8984208,1.7370611,-0.54998034,1.149546,0.89738816,1.4538281,0.9855632,-0.14330153
241,-0.76598233,0.20434652,-1.534776,0.4742532,-0.9628482,-0.719826,-1.5316529,-0.062798426,-0.053453434,0.2678623
242,-0.9438658,0.06427145,0.2502077,0.08765147,-0.36527961,0.60410964,0.24233997,-0.1595994,0.25267395,-0.41513127
243,-0.13126637,1.3436289,0.2513867,0.039442,0.24862471,0.35541162,0.31786945,0.49736622,0.5608983,-0.86072445
244,1.0639038,1.0149384,0.19032729,0.6038768,-0.20781076,0.58968717,0.18808882,0.4809782,0.69588184,-0.4088731
245,1.6141194,0.86854017,0.18140973,1.0354205,-1.3585011,0.94505084,0.15203148,0.5299833,1.553833,1.399432
246,-1.2347525,-0.56150633,-1.4311297,-0.28880504,-0.9962609,-0.72167814,-1.4069791,-1.3374922,-0.36460948,-1.6709529
247,0.04656215,-0.64340526,0.778748,-0.13758326,0.19400166,-0.0022385127,0.71651655,0.9156293,-0.7869993,1.1685853
248,-0.7556627,-0.68345106,0.22311403,-0.95812017,0.16489352,-0.13504295,0.2792426,-0.27438948,-1.1442498,0.60517675
249,1.1354755,1.5493395,0.4571988,0.80441785,-0.3966812,-0.004700556,0.43463513,-0.13524778,0.952934,1.7244277
250,0.9045535,1.7479273,0.913785,2.086276,-0.51609194,0.47927096,0.88418555,1.3121375,0.29164347,1.8036566
251,-1.514561,-2.133885,-0.3446446,-1.3183242,-0.22988808,-1.4095495,-0.35924605,-1.1959097,-0.4266111,-0.17909135
252,-0.8671596,-0.089652166,0.22250903,-0.015597727,0.288245,-0.637635,0.23592791,-0.610786,-0.5525217,-0.9036277
253,1.7374052,2.2020907,0.48756203,1.5332468,2.0836682,1.8367692,0.44624522,2.1442032,1.6894284,0.5530321
254,0.10147966,-0.07013279,0.3158769,0.65379006,1.0615051,0.9443655,0.23861949,-0.8113746,-0.43725088,0.08800624
255,-1.4786911,-1.6601087,-0.91438127,-1.2554169,-1.123427,-0.7478927,-0.9233866,-1.945306,-1.0136578,0.05083587
256,0.48536554,0.4800255,0.7858106,0.27728307,0.426717,0.7451516,0.7976033,0.25359535,0.71915865,-0.8818834
257,1.3259684,1.3928894,0.8132831,2.1708457,-0.07834903,0.91435033,0.79128885,1.3955774,1.5201238,2.2947056
258,1.3385059,0.9440783,0.4249967,1.6826185,-0.39743868,0.24306634,0.34108853,1.44148,0.7123914,0.5689933
259,0.74082285,0.29395366,0.45274195,0.94741064,0.17096037,0.28459805,0.39793485,0.34602463,0.52618265,-0.6358975
260,-1.131131,-0.58680344,-1.5326204,0.25205418,-0.50337416,-0.5132247,-1.5590607,-0.7488351,-0.11371195,-1.5051944
261,0.3353563,1.3921909,1.1563026,0.35707647,1.6421458,2.16284,1.269908,1.4132848,1.6419226,-0.91371465
262,-0.2990677,-0.5793395,-0.5887515,0.14243937,0.52239215,0.12586372,-0.56805503,-0.10384443,0.53468823,-1.0000066
263,-0.029305827,0.89937556,0.6337478,1.3332738,-0.8276123,0.5634988,0.58601075,2.0106287,-0.015615551,0.54201657
264,-1.4875318,-0.2552738,-0.31295344,-0.46102595,-0.6055784,-0.62694854,-0.27162585,-0.67881,-0.14829704,-1.2855568
265,0.00014965306,0.7938822,1.344191,-0.3556187,1.682054,-0.35879132,1.4496034,0.62161726,-0.50762033,0.073085755
266,1.3780453,1.2862809,1.154076,1.2447473,2.114887,1.4404042,1.038338,1.5624993,1.2748263,-0.17342634
267,0.88944066,0.9604599,0.79685915,1.1409612,0.5233182,1.1908358,0.8729315,0.5495511,1.0607892,-0.15193348
268,-1.7213018,-0.9935886,-0.4451739,-1.2960948,-0.37749788,-1.5746762,-0.41547292,-0.47951233,-1.0202637,-0.23766628
269,-0.1084321,-0.28956506,0.5216679,0.040558703,1.5726651,0.7166521,0.49798355,0.6202579,-0.53787965,0.8175728
270,-0.7264343,-0.39328504,0.74569464,-0.98880726,1.9456704,0.08770002,0.6767467,-0.2386186,0.44506007,0.6659404
271,-0.06404118,-0.212938,0.07584039,0.1815736,0.59207743,0.41089872,0.07186706,1.0774506,-0.11677742,-0.32154423
272,0.5426461,0.3146898,0.47434145,1.243492,-1.5150763,-0.049739003,0.47117582,0.42682225,0.26694354,0.0733828
273,1.3416666,0.7919433,0.9280283,1.4824824,0.45499986,1.1045526,0.91708225,0.92949104,-0.13925819,2.4456666
274,1.3068148,1.4027379,1.1157206,2.0207777,-0.6802331,0.22850023,1.1519126,0.6178485,0.26042357,1.6600482
275,0.13306308,-0.08555647,0.68894106,0.77028596,1.5797235,0.8438033,0.77389765,0.3429427,0.34173495,-0.34309748
276,1.2568386,1.0437658,1.559721,1.069319,0.15881772,0.6675753,1.7066287,1.648466,-0.03717961,1.6763216
277,0.52371484,0.68215287,-0.862107,0.5829631,-0.8212799,-0.8473739,-0.84187275,-0.37350798,0.33185935,0.46175483
278,-1.650367,-1.555969,-1.8979365,-1.022478,-1.1274134,-0.6542979,-1.8867177,-1.358512,0.07020922,-1.3040051
279,1.3683457,1.0535016,0.23587354,1.4308693,-0.48923734,0.9617923,0.21589501,1.4191215,1.4909285,0.3458659
280,1.1745738,0.2641111,0.35138735,1.353224,0.4596341,0.7460547,0.37376392,-0.07224256,1.8672551,0.40071124
281,-0.27001402,0.12067584,-2.0642931,-0.44016403,-0.117598,0.21252887,-2.0508025,-1.4196389,1.3857468,-1.0572726
282,-0.17607813,0.16912402,-1.4796321,-0.25133008,-0.5749715,0.2330691,-1.4516462,-0.5827448,0.70434046,-1.4018953
283,-0.4245862,-0.30482522,0.04368581,-0.08263051,0.07844722,0.50144523,0.067519695,-0.8442622,-0.99729383,0.26615113
284,-0.92729884,-1.5741326,-0.48951447,-1.2716006,0.028844142,-1.2354182,-0.4650488,-1.1814375,-1.1688471,0.032160915
285,0.44332576,0.34826982,-0.80921584,1.5054685,0.23872665,0.50694615,-0.7788576,0.35497013,0.7432214,-1.208108
286,-1.3544099,-1.6803348,-1.536661,-1.5991728,-1.4500927,-1.7947736,-1.5001175,-0.5184076,-1.72182,-0.35403398
287,0.106925935,-0.029796854,-2.2318733,0.6194175,-1.3833084,-0.011839704,-2.2037508,-0.80482984,1.4661496,-1.3345968
288,1.8843977,2.3434525,0.4151783,2.3562942,1.9610308,1.4014691,0.37064102,1.3138692,1.6140399,0.8135332
289,-1.2182341,-0.87002164,-1.6912804,-0.9523965,0.21091793,-0.8533052,-1.6486003,-0.71705973,0.2835612,-1.1995075
290,-0.9834902,-1.4678261,-0.45528793,-0.88127124,-0.3033052,-0.7141527,-0.4799298,-0.87666154,-0.101568416,0.5145418
291,-0.89389163,0.17784972,0.19789717,0.25264904,-0.8220377,-0.4482203,0.15435457,-0.4931098,-1.5232053,0.97812927
292,0.87820286,0.051952377,0.26440126,-0.20060469,0.5520372,-0.14984609,0.2516832,1.2314863,0.012135242,1.5625081
293,-0.6304468,-0.2886486,-0.22821766,-1.2482381,0.057785265,-1.1740413,-0.26977965,-0.25565508,-0.72749335,0.34942058
294,0.74250335,0.6063605,-0.5274351,0.6880498,-0.07230821,0.6899633,-0.47827733,0.106201224,1.2028728,-0.46744213
295,-1.2520597,-0.3809421,-1.608468,-0.63889486,-0.978563,-1.4948484,-1.5646588,-0.9855431,-0.7577613,-1.4598062
296,-1.4317441,-1.3269197,-0.9694863,-1.5728674,-0.46639645,-0.40271518,-0.9657419,-1.7070414,-0.73063856,-0.014214091
297,-1.0132202,-0.04460389,-1.2490311,-0.17492452,0.11570747,-0.5311806,-1.199898,-1.0664511,-0.37698495,0.16102079
298,0.16840789,0.12708081,-1.2290622,-0.4391121,-0.38427833,0.20447649,-1.1874796,-0.10551862,0.99924654,-1.140731
299,0.46051455,0.20913872,1.0784599,0.30248567,2.6524115,0.24424483,1.1433531,0.6685183,-0.7672965,0.5030423
300,-0.8134319,-1.3258877,-0.34529427,-1.6736767,-0.93278825,-1.5322316,-0.4353271,-0.25879794,-0.8282188,-0.39413887
301,0.28356567,0.37560865,-1.6964778,0.43269187,-0.7359349,0.84232056,-1.6642523,-0.07377033,0.44632372,-1.4277201
302,0.9215749,1.136747,1.5123742,0.34959584,1.9968306,0.6035051,1.5408576,0.3917087,0.20929122,0.94935936
303,-0.14856857,-0.54324675,0.64721143,-0.41338873,1.9962243,-0.17355484,0.63942766,0.10850154,-0.33491534,0.5560651
304,0.5078935,1.2486317,0.52489865,-0.011325041,0.07147232,0.7565574,0.50987893,1.0306519,0.70320106,0.78146607
305,0.70490426,0.7295036,0.9510097,1.2673361,2.1513765,0.95073366,0.9480291,0.80423534,1.1205761,-0.9071165
306,0.31308416,-0.1878669,0.68262094,0.70930105,-1.4792387,-0.0059367814,0.6165228,-0.025886387,-0.7012917,0.99625
307,-0.42041922,-1.5027095,0.5694136,-0.77669126,1.3397954,-0.33089274,0.5482915,0.3909618,0.20752473,0.730126
308,0.993675,1.681317,0.6791738,0.62200314,-0.15465344,1.1338457,0.6930933,1.6516228,1.0331955,-0.40846372
309,-0.0022238633,1.0353943,1.5229805,-0.18741956,-0.94308305,-0.5120601,1.7042874,0.25601706,-0.76883626,1.7192913
310,0.2564846,0.6667016,-0.33146945,-0.22100417,-0.11082295,0.52592,-0.3939212,0.66307,-0.14908583,-0.7996703
311,0.9110436,-0.29914466,0.5096213,0.80696726,-0.06321864,0.7867567,0.49844015,0.059163485,0.15989923,-0.40478837
312,0.06267662,-1.0426108,-1.3606995,0.14057654,-0.5919161,0.013733786,-1.3554717,-0.9438297,-0.46199998,0.27799654
313,0.48471007,0.2924164,-1.1671749,-0.11172487,-1.0428579,-0.491137,-1.1854025,-0.45029277,-0.47311878,-1.0970612
314,1.1174582,-0.25883397,-0.28859982,1.3760442,0.35626352,-0.1978694,-0.30427223,0.19965984,0.6472469,1.089404
315,0.23164193,0.43255132,-0.976664,-0.13063172,-0.3355923,0.5929716,-0.99888057,0.90479064,1.3495685,-0.71973836
316,-1.6346205,-1.147687,-0.48564404,-1.051023,-0.9119338,-0.69640696,-0.45669234,-0.94842094,-0.15186052,-1.1090825
317,-1.1898419,-0.7258152,-2.0079267,-0.85515285,-0.03218191,-1.462844,-2.0234096,-1.5284382,-1.3921356,-0.9945093
318,-0.57989967,-0.8563442,-1.4485992,-0.8700948,-0.8710456,-0.9104925,-1.4597428,-0.092225276,0.7185546,-0.09188271
319,-0.42369494,0.07265583,0.0901067,0.6505857,-0.6281929,-0.4588745,0.052050997,0.6406804,-0.30931625,-0.14679495
320,-0.6249267,-1.1167936,-0.29753065,-1.20582,0.32019728,-0.9952298,-0.23215857,-0.32842985,-1.1116031,0.16261144
321,0.70423496,0.66370916,0.98044324,-0.23765753,0.9692862,0.24775866,0.98332655,0.29898056,-0.5170412,0.62494606
322,0.8645526,2.1513104,0.4823334,1.2344762,0.04084849,1.1703588,0.40405306,0.92675143,0.64985365,-0.5745687
323,0.42939097,1.0710243,0.47548956,0.9437242,-0.32481977,-0.021574438,0.45872444,0.49053755,0.9289373,1.6327206
324,1.0268189,0.46466148,0.9486268,1.7190104,-1.2732844,0.29352507,0.96170294,1.2569245,0.43856403,1.8903317
325,-1.0426469,-2.0289943,-0.0030472185,-0.8486198,-0.31968662,-1.4894806,-0.0018381062,-1.1672988,-1.1822639,0.22288358
326,-1.1050527,0.16322932,0.94018215,-1.0874383,-1.1139525,-0.7532071,0.83782697,-0.6841473,-1.0904753,0.79944146
327,-0.3233733,-0.19650862,0.9099819,-0.10085309,-0.49567506,-1.032522,0.9534262,0.82897574,-0.40828696,-0.39229283
328,-0.80866355,-0.89785916,-0.3214117,-0.4661632,-0.09155211,-0.2625221,-0.35293335,-0.0015394681,0.4091803,-0.39314398
329,-0.01210357,0.94353336,0.57366824,0.36589363,2.0922391,2.1436493,0.5037626,-0.011607785,0.5974878,-0.25167108
330,0.16977617,0.13594815,0.052627012,-0.10291779,-0.7621276,0.43307573,0.06769532,-0.13047466,-0.47853285,0.04870424
331,-0.47659093,-0.5620738,-0.7315263,-1.4408276,-0.32159522,-0.29264477,-0.7761777,-0.6940472,-0.41845205,-1.2016382
332,-1.0632952,-0.5324884,-0.9792241,-0.49679655,0.26449016,-0.7720657,-0.9896388,-1.1701106,-0.6692979,-0.02426796
333,-0.4577753,0.58531994,0.57906735,-0.70308,2.4880772,-1.1332881,0.5208263,1.3726199,-0.51917326,0.007920423
334,0.8519033,1.1154581,0.5939672,1.2804602,-0.046436388,0.5922091,0.69971025,0.30309254,0.5605883,-0.021321563
335,-0.42052704,0.33923036,0.963412,-0.32223335,2.129081,-0.4131864,0.9242512,-0.117654584,-1.2213825,-0.96429694
336,0.08803392,0.40217698,-1.4273334,-0.61070794,-1.1835107,-0.26527506,-1.4039954,-0.7832816,0.9632426,-1.1282899
337,1.4457843,0.98390007,1.4895949,1.4423257,1.9963707,1.2083197,1.5129883,1.4003011,0.7903605,1.9189439
338,-1.5059849,-0.66538835,0.45409116,-0.7922563,-0.76860523,-1.1009253,0.4758822,-0.7014055,-0.17865276,0.29657468
339,-0.8637542,-0.33340752,-0.724309,-0.69002056,0.46638924,0.0040322454,-0.73705095,-0.16848005,0.6005779,-0.7985146
340,0.57646775,0.22878873,0.87419415,1.046875,1.3121094,0.6827709,0.8434383,0.42403,0.09496502,0.4450275
341,-0.18229532,-0.9181522,0.8878592,-0.3222497,1.8636457,-0.08959643,0.9089942,-0.5375628,-0.4577962,0.23211776
342,-1.6699635,-1.0152537,-2.7561002,-0.5326016,-1.2476293,-1.1070496,-2.7562392,-1.7736021,-0.9383281,-1.8282064
343,1.5844146,-0.25587153,1.1435624,0.12070895,-0.72218865,1.078571,1.1050498,-0.10297344,-0.20437612,1.4516869
344,-0.4273319,-0.5878212,-0.91520786,-0.74454695,-0.9407726,0.49817744,-0.8525424,-0.48017687,-0.5397009,-1.1816726
345,-0.22537792,-0.24127762,0.04458197,-0.6515849,0.072170705,0.627841,0.092419334,-0.53907144,-0.70248395,-0.22637048
346,-1.3324479,-1.6871282,-1.8614231,-1.8302519,0.24207266,-1.9899374,-1.8555311,-1.8949989,-1.6626277,-1.3519198
347,0.42651078,0.7820434,0.8598923,1.1219327,0.16936743,0.0097282,0.80954325,0.8754224,0.5829503,0.10144317
348,0.9468144,0.6212531,0.21592602,-0.090684295,0.94294435,0.3665276,0.21764891,1.3618113,0.011210496,-0.88476694
349,0.11718223,0.52578056,-1.8304561,-0.47967547,-0.6227477,-0.2319967,-1.7790089,-0.6548565,1.4803959,-1.2684016
350,0.15016714,-0.061834775,1.2256353,0.392508,-1.2426643,0.90218776,1.2318984,0.9758197,-0.0072468366,1.3217435
351,0.6019136,0.35718876,-0.20473199,0.2720416,-1.5055945,0.1190208,-0.25224257,0.7222844,1.3228385,-0.8672893
352,0.3774559,0.46488777,0.9409297,0.7329894,0.46526232,0.8210089,0.910708,-0.5376243,0.7678695,0.9688995
353,0.33020076,0.8925912,0.047881216,0.5479618,0.5296819,0.8067136,0.08301634,0.26974782,-0.29522058,1.6529752
354,0.25051296,1.3783838,1.0127207,1.4446499,1.2556465,0.09576953,1.0860708,1.1926165,0.09270528,-0.808371
355,0.5719586,-0.73004866,0.3968633,0.041169062,-0.5434365,0.28647706,0.41211918,0.30264744,-0.9098265,1.0084274
356,0.59737635,-0.115497485,-1.8532906,0.13776991,-1.5027715,0.5827731,-1.8617617,-0.4283068,1.3010212,0.51719326
357,0.17880487,0.71992,0.4503848,0.6455586,-0.51228154,0.23130791,0.40058458,0.43780723,0.42993072,-0.25752836
358,-0.036391713,-0.14097904,0.54276353,-1.0583912,0.6211251,-0.3725745,0.54411674,-0.14075862,0.21212333,0.13432617
359,0.65504056,0.036857106,0.09481533,0.13592346,-0.15950905,-0.17335339,0.04910955,-0.33068854,0.040477127,-0.42439237
360,1.2751099,1.1002157,0.7905117,1.2904581,1.5305132,0.88607275,0.71793556,0.8448567,0.3978773,1.544403
361,0.7321888,0.440321,0.79060984,0.581118,-0.24125841,0.6366585,0.7104957,1.2138209,-0.5728765,1.3851701
362,-0.9724259,-1.5471263,0.52155054,-1.3626968,-0.5562683,-0.93378884,0.5182837,-0.3472953,-0.9904706,0.39991295
363,0.7644028,0.17532101,0.6552217,0.5598663,-0.4130921,0.91479003,0.703952,0.37300366,-0.021914788,-1.2565361
364,-0.6764455,0.8861983,1.4993814,-0.14894778,1.9120746,0.5272917,1.5335646,0.573761,0.560797,0.34673712
365,1.1275588,1.0296102,0.2520523,0.7200002,-0.15322277,0.8565738,0.21414086,-0.17814721,0.95531285,1.2760532
366,-0.48438612,-0.29332978,-0.042332146,-0.9486118,-0.6342785,-0.6750068,-0.060412552,-0.5389738,-0.13467471,0.0043113176
367,-0.7331821,-1.5215181,-1.4962531,-0.61642784,-0.30494305,-0.12805499,-1.5145907,-1.3724136,-0.7113866,-0.8775362
368,0.80243987,0.45528466,-0.12666972,1.0026592,-0.5840767,1.01187,-0.09903438,0.24228044,1.2438762,0.001502468
369,0.3804191,1.2574317,0.630637,1.0023128,0.05669594,0.97624946,0.588737,1.3736056,1.4937546,1.4870354
370,-0.19969502,-1.4668876,-0.0749354,-0.35464188,0.45244512,-0.9149148,-0.07323592,-0.21605095,-0.5088897,0.06325079
371,-1.5101892,-1.2980746,0.08902244,-0.9606433,-0.035866305,-1.5521063,0.057853166,-0.46643117,-0.46510538,-0.6350447
372,-0.9659162,-1.3086425,0.51443416,-0.74409205,0.5476329,-0.8508069,0.4517164,-1.2420937,-0.50766385,-0.81837076
373,0.7915306,0.21273568,-1.0829898,1.164188,-0.0938436,0.34459302,-1.008115,-0.088476546,0.9283458,1.378135
374,0.0083762705,0.2871235,0.80368614,0.5972273,-0.33493245,0.88063186,0.76157826,0.48630607,-0.057572566,1.8620973
375,-0.5828467,-1.5594951,-0.73045224,-1.435884,-0.62452745,-1.3612489,-0.727349,-1.6423038,-0.7882299,-1.4423294
376,1.2441856,0.5857976,1.0033549,0.801782,1.6392719,0.13591103,1.0301774,0.9824546,-0.44574764,1.1202792
377,-0.43210125,-0.03459211,0.06943111,-0.50428665,-0.84599483,-0.15450287,0.016562816,-0.4615193,-0.12538527,-0.75537765
378,0.6677598,0.40639278,0.11848049,0.7418702,-0.4970252,1.1764878,0.0889788,-0.31287947,0.95851403,-0.8851699
379,0.36789533,1.0388238,-0.75946367,1.4539986,-0.8199952,0.42325243,-0.8016051,-0.14737725,1.6928971,-1.0021182
380,-1.492134,-1.9083767,-1.9632463,-1.9134067,-0.20807247,-1.4464178,-1.9300268,-1.6147512,-1.4655465,-1.2433739
381,-1.0754514,-1.253942,-1.3062872,-1.4700758,-0.9371724,-1.2536695,-1.2357914,-0.74213105,-1.369842,-0.72103214
382,-0.27366394,-0.5475993,-0.94530696,-0.21802168,-0.8559955,0.30879995,-0.90086526,-1.1845894,-1.1242194,0.35163236
383,1.2495614,0.72243047,0.90658164,1.0182357,-1.4867611,0.56057364,0.871379,0.6434774,0.03959694,2.002028
384,1.2057536,1.312441,0.65268934,-0.15038928,2.0820813,1.0684174,0.6136713,0.53555924,0.6847214,-0.84719414
385,0.50332296,1.1592203,1.1895285,0.8758822,-0.3119879,0.97175,1.1061618,1.6069031,1.2270364,1.205442
386,0.85378426,0.63912624,-1.150252,1.0697862,-0.55804193,0.7694113,-1.1576562,0.34494388,0.7796094,-0.9610122
387,-0.4437353,-1.0663202,0.009642296,-0.35234502,-0.55434066,-0.5440134,-0.01631242,-0.83691967,0.30814123,0.15484267
388,-0.21935911,-0.19319646,0.9850111,-0.27652642,1.968443,-0.5740872,1.095497,0.42897022,-0.4342837,-0.2216868
389,-0.54576135,-0.6849181,-0.73012286,-0.70095026,-0.14925945,0.34426302,-0.71561193,-0.23302335,0.023915363,-1.0861406
390,1.3399785,1.72499,0.81248266,0.9180262,-0.37507406,1.2772473,0.75955987,1.6247183,1.310333,-1.0016572
391,1.0185248,1.0263342,0.49412698,-0.2742907,-0.96318054,1.7690995,0.49322996,1.5337169,1.1909767,-0.25487027
392,1.5511105,0.50256807,0.34838638,1.3139914,-0.76222116,1.0794735,0.37127042,0.63533336,0.7514941,1.5315378
393,0.8097032,0.46382943,0.27794048,1.395351,-0.452156,0.94996417,0.2988757,1.1704332,0.86885774,-1.1294775
394,-1.4459428,-1.2484595,0.5106371,-1.0331913,-0.9359764,-0.03541097,0.48042306,-0.65373737,-0.4502003,0.20682573
395,0.505704,1.0386131,0.7130011,0.6799869,0.9128554,1.4722744,0.7159616,0.47250846,0.9123371,0.32089356
396,-0.42045012,-0.7744424,-0.22910953,-0.8897311,-0.5434446,0.19117676,-0.25104046,-0.5231347,-0.104470104,0.018104907
397,-0.6510897,-0.9296575,-1.0574733,-1.0022948,-1.1714298,-1.4573233,-1.0305566,-0.55091685,-1.6175861,-1.1609828
398,-0.4789237,-0.020744232,-2.730931,-1.0946326,-0.36157915,-1.1454816,-2.6551182,-1.3791621,-0.19710693,-1.0214742
399,-0.8649567,-0.75248194,-0.4751962,-0.41760176,0.20585912,-0.11106566,-0.42749542,-0.23427245,-0.14986315,-1.706071
400,-1.8160433,-1.609232,-1.9707439,-1.5492482,-0.07103265,-1.8722289,-1.9384654,-1.383392,-0.8116712,-0.3009416
401,-0.8462145,-1.5247383,0.36478823,-0.26205254,1.5413042,-1.434255,0.27881542,-0.10359805,-2.3092685,0.36974257
402,0.67476,1.4203377,0.8642994,0.7644591,1.3173223,-0.17644034,0.8150581,2.0128715,-0.09067719,0.17486897
403,1.5415301,1.3700926,0.8500002,1.6801356,1.4257195,1.7108661,0.8819989,1.1056048,1.0325667,2.2462566
404,0.7131108,0.4081347,0.5395031,0.35636234,-0.31073377,-0.46614343,0.5439724,0.9739187,-0.27593368,0.09917849
405,-0.009440513,0.73827606,0.52232325,0.65266633,-1.4637467,0.4808672,0.5195134,0.21290466,-0.7158208,-1.1668577
406,-0.092841096,0.19744188,0.2160261,0.76851,-1.015858,-0.035207916,0.2052187,0.07668068,-0.059496265,-1.2631387
407,0.82367015,-0.15423875,-0.022118408,0.8184682,-0.4932571,0.10528772,-0.040063776,0.17579894,0.015329347,-0.96031344
408,-0.011346478,-0.8452934,0.571923,-0.32645595,1.6744859,-0.90631485,0.5344085,1.0592622,-0.22860911,0.5672013
409,0.21117902,0.478991,-1.0454125,-0.39296034,-0.59366024,0.81027454,-1.0023892,-0.17349544,0.08585214,-0.4437782
410,0.6858166,-0.06330061,-0.05014988,0.24409564,-0.038644858,0.03307993,-0.0564081,-0.29461923,0.318657,0.9305794
411,-1.5785056,-0.83418584,-0.37315053,-0.53736633,-0.61188275,-0.8516236,-0.38795575,-1.154305,-1.0293013,-0.20890316
412,1.8765669,1.1435803,0.8115454,1.4137175,-0.94399846,0.72973806,0.8494127,0.6666546,1.2699351,0.19968647
413,-1.2889174,-1.1444976,-0.47122666,-1.352814,-0.32833913,-0.538686,-0.46162173,-0.90447295,-1.855318,-1.3541747
414,-0.089872465,-0.5946218,0.994106,0.25013825,-0.45298353,-0.9357352,0.9224004,-0.88078266,-0.19319601,0.6535708
415,1.9194578,2.0772567,1.3550078,2.0167656,-0.28213462,0.7582296,1.4371989,0.95276684,1.4067204,0.50782496
416,-0.6455628,-0.99294513,0.09341936,-0.46782184,1.2702969,-1.2855538,0.12670471,-0.9615246,-0.8489954,0.45890993
417,1.0833313,0.49815956,-0.07224669,-0.25592998,1.9887962,0.5001284,-0.0896367,0.5406022,-0.022615505,-0.6691595
418,0.89464134,0.6866068,-0.045342542,0.39738896,-0.5027052,0.31099036,-0.06798105,0.21635519,0.39458188,1.597411
419,0.39030966,0.28852776,0.1962531,0.33424324,-0.669094,-0.3034444,0.17910679,1.2218478,0.29092857,-0.68146515
420,1.3935943,1.0058558,1.0031419,0.105071686,2.1491463,-0.21029565,1.035086,1.0628194,-0.55404973,-0.07747279
421,-1.2190171,-1.1244918,-1.5126624,-0.954249,0.20839457,-1.1043285,-1.466279,-1.0382044,-0.34074083,-0.2310462
422,-0.8514527,-1.2540501,-0.008068572,-0.6371421,1.2379284,0.22846416,-0.07620362,-0.24446261,-1.0191578,0.5172041
423,-0.50029767,0.23490146,0.9871727,0.38245142,0.94383293,-0.17349811,0.9767223,1.3868141,-1.3596932,1.284687
424,-0.13768043,0.12607408,0.039218094,0.2830877,-1.088301,-1.3396,0.056197647,0.22955671,-0.32139844,1.4384552
425,-0.25958565,-0.5220044,0.14298116,0.08056992,-0.0968806,-0.10298873,0.14020263,-0.85255474,-0.8891786,-0.3921767
426,0.339721,1.1546035,1.2226273,0.08922012,1.8895481,0.28375128,1.181066,0.45265588,1.0323864,1.0967234
427,-0.12789883,0.7053743,0.6730398,0.11645624,-0.88684666,0.2646202,0.69295454,0.18135287,-0.45005804,-1.323866
428,0.5188382,-0.43024325,-1.7797829,0.28637356,-0.412478,0.39605278,-1.7281427,-0.93644625,2.001149,-0.6178987
429,0.52858865,0.25650007,-2.270464,-0.44345906,-0.5673084,0.059690397,-2.2570264,-0.53597707,1.7053716,-1.1665416
430,1.1757104,1.0230434,1.4144661,1.3554919,0.51419073,0.41176358,1.4639579,1.3280183,1.5132321,2.5706215
431,-1.0674114,-1.0548813,-0.23359627,-0.7531148,-0.07460699,-0.36887792,-0.2190916,-1.371293,-0.73709315,-0.35972062
432,0.3211652,-0.073255934,0.84729344,0.27734104,1.2100408,1.0732284,0.87927437,0.002881867,-0.6573745,-0.13713165
433,1.0330052,0.7104102,0.030287327,1.1170741,0.2057441,-0.01734021,0.028405841,0.17244996,0.75690126,0.6529853
434,-0.8554827,-0.6781149,-0.27781194,0.12726721,0.05980762,0.07840897,-0.30135602,-0.5388756,-1.486225,0.45005655
435,-0.19772933,0.537587,0.9078773,-0.53720623,2.0115047,0.4625667,0.91374964,0.017592346,-1.6041242,0.47431087
436,0.9362516,1.4815164,0.23076624,0.780575,0.031146482,0.36564702,0.19434899,0.56371135,1.2125847,-1.1802769
437,-0.9545911,-1.0100396,0.15640138,-0.8368979,0.057432726,0.25445494,0.13590421,-0.037586305,-0.56713474,-0.4036582
438,-0.9421651,-0.8910699,-1.452272,-1.717638,-1.1914809,-0.7608367,-1.4513727,-2.3024287,-1.2408756,-0.7646366
439,-0.13729794,-0.7606149,-1.0003871,-0.29866374,-0.41538936,-0.2627646,-0.99703616,-0.9728991,-0.111057304,0.040352058
440,-0.006236196,-0.11286142,0.056869794,-0.042667594,-0.9253625,-0.49119115,0.078550614,-0.5616414,0.24022143,-0.5336804
441,-1.2040637,-0.89278734,-1.952887,-1.3924295,-0.19431302,-1.0283691,-1.9498224,-1.1365778,-0.45432928,-1.5384653
442,1.0020807,1.8005608,1.2288713,0.9909905,1.9080293,0.44020042,1.335807,1.1539586,-0.03503958,0.9828737
443,0.28660402,0.7844742,0.41701785,0.63799673,-0.41648373,0.45103338,0.4146201,0.7568565,0.32920173,1.7861216
444,-0.07826824,-0.06185255,0.028044507,0.24888165,-0.61636776,0.28377154,-0.017599313,0.5054861,0.2434049,-0.48186886
445,0.31195167,1.4046674,1.0225163,0.4529876,-0.19746397,0.018964795,1.1018697,0.19338202,0.054493897,-1.3756409
446,0.29626864,-0.11421165,0.7113932,-0.3194332,0.074791245,-0.553065,0.6935606,0.605959,-1.3625594,0.6653124
447,0.48838195,-0.24291545,1.1894784,-0.8237682,0.7215454,0.7774484,1.2719539,0.7139988,0.15856221,-0.051750157
448,1.0098804,0.2602605,0.71133,1.1525507,1.7637215,-0.47408608,0.6237428,1.1900767,0.054723106,0.6197339
449,0.7935626,0.5045883,0.9777475,0.88857996,0.79998326,-0.62993544,0.87121576,1.806745,-0.075187355,1.0884126
450,-0.027372677,0.6655123,-0.09502255,0.39827773,-1.0630984,-0.07175033,-0.07742007,0.7958634,-0.53072083,1.4317536
451,-1.3639202,-1.2461581,-0.20831914,-1.369173,-0.4938646,-1.0177649,-0.22504285,-1.0402005,-0.9945347,-0.8420188
452,0.41590902,0.7473487,-1.4562513,0.028135978,-0.80558497,0.065375745,-1.5089676,-0.26357803,-0.46570006,-0.8160653
453,1.4270124,1.3523188,0.75293285,1.296389,-1.5142424,0.8425388,0.7604815,1.1925588,0.97537714,0.7552946
454,1.4904759,0.39033324,0.5454687,0.82697463,0.2862976,1.8486999,0.4778313,1.5239917,0.30827415,-0.44550353
455,-1.7381487,-0.62740403,-1.1879894,-1.8454088,-0.15874664,-1.481394,-1.1870978,-1.677447,-0.3969891,-1.1994077
456,1.4713601,1.2433584,1.1006012,0.9367619,-0.59558326,-0.06306198,1.0965755,0.538837,0.5643635,1.8800822
457,-0.2820948,-0.03033639,0.118568644,0.0048175217,1.2539077,-0.54156137,0.12052769,-0.70589024,-1.0777172,0.54345745
458,-0.18297268,0.30996624,0.62439203,-0.28133908,0.44176748,0.060146783,0.61094755,0.4254856,-0.20731035,0.52013016
459,-0.6251711,0.06253194,-0.12152186,0.22380292,-0.22684969,-0.4394487,-0.09535771,0.08677135,0.8463883,-0.029057028
460,-0.049948774,0.2982843,0.8501212,0.26753926,1.2014605,-0.115058534,0.8175797,0.3214223,-0.059529636,1.1549913
461,1.1385231,0.38753188,0.4307359,0.5338098,-1.2705733,0.24585804,0.38814145,0.88990027,0.57069135,1.4449044
462,-1.0338676,-0.6263375,-1.4412309,0.09491267,0.28928837,-0.506325,-1.4294521,0.01576932,0.25395748,-0.8617871
463,-1.2035673,-1.8559027,0.18947478,-1.0043662,0.52858007,-0.7021474,0.14333792,-0.27527007,0.015919542,0.6509936
464,-0.18367685,-0.22239906,-0.82251716,-0.33812794,-0.31203625,-0.4360599,-0.7628488,-0.85821795,0.18258333,-1.8390307
465,0.77931273,0.84704846,0.35974282,0.48197874,-0.14817949,-0.20676827,0.32434937,1.1776509,0.47030127,1.3858808
466,0.51967674,0.45794657,0.7924965,0.34706178,1.4913989,0.13825561,0.8200968,0.96909153,0.1875407,1.370262
467,0.14033209,-0.48986655,1.1711345,-0.1788007,-0.58520895,0.012708525,1.2990884,1.4034451,-0.24079114,-0.12269761
468,-1.5529809,-1.6387252,-1.006763,-1.0309757,-0.63943994,-1.283169,-0.9351461,-1.123897,-2.1897626,-0.20875973
469,0.4804363,0.35706437,-0.39733467,1.1652995,0.0968498,0.41434783,-0.39074966,-0.061330114,-0.022184668,-1.0313042
470,-0.24410538,-0.6040509,-1.5371766,0.033588096,-1.2707262,-0.17358777,-1.5247508,-0.5631939,-0.20127156,-1.5533837
471,0.67761004,0.5244536,-0.29728717,0.3276743,-1.0995114,-0.5285608,-0.30156362,-0.06836904,0.78958833,-0.29052043
472,1.0096576,0.682931,0.2735327,0.8533549,-0.76184744,-0.071852036,0.29872265,-0.33039895,0.00035752938,1.7068875
473,-0.052832242,0.30273372,-1.6956475,0.43248016,-0.21519372,-0.5026611,-1.6885564,-0.9958464,-0.19301212,-0.97197914
474,-0.12522164,0.16244939,0.7824684,0.097373106,-0.39255154,-0.53705347,0.8353189,0.7769348,-0.36468774,-0.71639216
475,-0.38329175,0.29113156,0.26828867,0.20640832,-1.4926655,0.59807837,0.24177262,-0.910384,-0.774566,-0.6902798
476,-0.4815412,-0.068620175,-2.050073,-1.2200135,-0.35394257,-0.78217196,-2.0217233,-1.4313829,1.1267378,-1.0423295
477,-1.4201529,-0.9374707,0.3916249,-1.5369086,0.42232862,-0.19634385,0.41210464,-1.3388765,-0.5861161,-0.565963
478,0.4232908,-0.57453364,0.119581565,0.02637495,-0.61140424,-0.59409946,0.09666139,-0.03750516,0.54399306,1.4295024
479,-1.3141041,-0.06591172,-0.76096725,-0.4631926,-1.4667461,0.017514443,-0.8068596,-1.0581793,-0.26183426,-1.2419708
480,-1.2565538,-1.3784139,-1.4017677,-1.9621317,-0.7921797,-1.5395938,-1.3566056,-1.9689838,-1.2488474,0.053939596
481,0.67827433,1.2759746,1.0697165,0.8145582,1.5729927,1.3771561,1.1672702,0.8798729,0.8948773,0.5655723
482,-0.77643704,-1.4289669,0.5036252,-0.2260113,1.8587588,-2.2414434,0.49666476,0.47406888,-1.5493425,0.28993174
483,0.8115664,1.065306,0.30583888,0.21414705,-0.69105124,0.45775884,0.2591008,0.12108155,1.5344688,0.24195646
484,0.76046467,0.32876197,0.41256666,0.7068832,-1.100807,0.5833927,0.3916072,1.0052172,-0.16781193,0.2660199
485,-0.6751926,-0.49332005,-0.7932467,-0.99116135,-0.6239487,-0.29653275,-0.7839941,-0.31286347,-0.4738999,-1.520397
486,0.79943097,1.184266,1.0054913,1.2797283,-1.117514,1.1630609,1.0116252,0.34573606,0.83138597,0.17422052
487,0.7459424,0.14008689,0.684045,-0.01849071,-0.6738207,0.27039456,0.6403714,1.0122603,-0.183128,-0.03978331
488,-0.82256764,-1.3452629,-0.47128105,-1.3389969,0.21583839,-0.21614337,-0.45899963,-1.4651507,-1.0762019,-0.9714242
489,-0.88688534,-1.1388023,-0.12375172,-0.10545652,-0.8341732,0.32961032,-0.14037745,-0.36353484,-1.366025,-1.4918123
490,0.33288127,-0.19848055,0.61659145,0.62921387,0.17916496,0.41783503,0.66458637,-0.79831374,0.14771912,0.012922105
491,1.656771,0.9766594,0.09250231,1.1857152,-1.5091977,0.42549208,0.07863817,0.7284642,0.22491689,1.511306
492,-0.14209661,-0.20995793,-0.037933003,-0.91761804,1.5311041,0.3970514,-0.058062408,-0.4893304,-0.26440027,0.48275304
493,-0.114272326,-0.201989,0.34673962,-0.6184791,-1.2049353,-0.7300483,0.36903694,0.4297098,0.030103683,-0.4186175
494,1.0114974,0.5760825,-0.12005946,0.82075185,-0.4806482,1.1056371,-0.09021422,0.04872748,0.4834167,0.56682193
495,-0.06788764,-0.58504,0.7532453,-0.7787086,1.9115874,-0.022673383,0.78651416,0.33832526,-0.6357551,1.1164937
496,0.070519745,-0.9647078,1.1109183,-0.200747,-0.20194054,-0.71068686,1.1449493,-0.37758833,-1.6245013,-0.17654634
497,-1.9220155,-1.0168985,-0.9213361,-1.8552753,-0.6628478,-1.9659134,-0.90737474,-1.808392,-1.0096966,-1.3119979
498,1.8632681,1.7775037,0.06272985,1.4406911,0.020529306,0.3826506,0.020376114,0.88469815,0.12399498,0.37015113
499,-0.04226021,0.69281936,1.1992512,-0.4924378,-0.91476935,-0.08781461,1.4122474,0.7581281,-0.15166584,1.3139098
500,-0.94717926,-1.7080631,-2.0014446,-1.6795881,-0.033307977,-1.79666,-1.9767013,-1.7540475,-2.1247835,-0.17696403
